{"$type":"System.Collections.Generic.List`1[[PowerPeg_SQL_to_CSV.SearchTask, PowerPeg-SQL-to-CSV]], System.Private.CoreLib","$values":[{"$type":"PowerPeg_SQL_to_CSV.SearchTask, PowerPeg-SQL-to-CSV","taskName":"test01_2022-09-01_12-15-44","outputLocation":"C:\\Users\\elsto\\Desktop\\New folder\\New folder","operationMode":{"$type":"PowerPeg_SQL_to_CSV.Mode.MinuteTestMode, PowerPeg-SQL-to-CSV","modeName":"Minute Mode","triggerDateTime":"2022-09-01T12:15:44.3039211+08:00","lastRunDateTime":"2022-09-01T12:22:26.1076951+08:00","selectColumn":{"$type":"System.Collections.Generic.List`1[[System.String, System.Private.CoreLib]], System.Private.CoreLib","$values":["*"]}}}]}