{"$type":"System.Collections.Generic.List`1[[PowerPeg_SQL_to_CSV.SearchTask, PowerPeg-SQL-to-CSV]], System.Private.CoreLib","$values":[{"$type":"PowerPeg_SQL_to_CSV.SearchTask, PowerPeg-SQL-to-CSV","taskName":"Test_2022-10-07_11-32-22","outputLocation":"C:\\Users\\elsto\\Downloads\\PowerPeg-SQL-CSV\\AutoGeneration\\","operationMode":{"$type":"PowerPeg_SQL_to_CSV.Mode.MonthMode, PowerPeg-SQL-to-CSV","modeName":"MonthMode","triggerDay":1,"triggerTime":0,"lastRunDateTime":"2022-10-07T11:32:22.1199615+08:00","selectColumn":{"$type":"System.Collections.Generic.List`1[[System.String, System.Private.CoreLib]], System.Private.CoreLib","$values":["*"]}}}]}